0,0,0,1.3635
0.02,18.837,0,1.3635
0.04,37.6,0,1.3627
0.06,56.214,0,1.3627
0.08,74.607,0,1.3627
0.1,92.705,0,1.3627
0.12,110.44,0,1.3627
0.14,127.73,0,1.3627
0.16,144.53,0,1.3619
0.18,160.75,0,1.3635
0.2,176.34,0,1.3619
0.22,191.23,0,1.3627
0.24,205.36,0,1.3627
0.26,218.69,0,1.3627
0.28,231.15,0,1.3635
0.3,242.71,0,1.3619
0.32,253.3,0,1.3627
0.34,262.89,0,1.3635
0.36,271.45,0,1.3627
0.38,278.93,0,1.3619
0.4,285.32,0,1.3627
0.42,290.57,0,1.3611
0.44,294.69,0,1.3627
0.46,297.63,0,1.3627
0.48,299.41,0,1.3619
0.5,300,0,1.3627
0.52,299.41,0,1.3619
0.54,297.63,0,1.3627
0.56,294.69,0,1.3611
0.58,290.57,0,1.3619
0.6,285.32,0,1.3619
0.62,278.93,0,1.3635
0.64,271.45,0,1.3627
0.66,262.89,0,1.3627
0.68,253.3,0,1.3627
0.7,242.71,0,1.3627
0.72,231.15,0,1.3627
0.74,218.69,0,1.3627
0.76,205.36,0,1.3627
0.78,191.23,0,1.3635
0.8,176.34,0,1.3619
0.82,160.75,0,1.3627
0.84,144.53,0,1.3611
0.86,127.73,0,1.3627
0.88,110.44,0,1.3627
0.9,92.705,0,1.3627
0.92,74.607,0,1.3635
0.94,56.214,0,1.3627
0.96,37.6,0,1.3627
0.98,18.837,0,1.3627
1,0,0,1.3627
1.02,-18.837,0,1.3619
1.04,-37.6,0,1.3627
1.06,-56.214,0,1.3619
1.08,-74.607,0,1.3627
1.1,-92.705,0,1.3627
1.12,-110.44,0,1.3627
1.14,-127.73,0,1.3619
1.16,-144.53,0,1.3627
1.18,-160.75,0,1.3627
1.2,-176.34,0,1.3635
1.22,-191.23,0,1.3619
1.24,-205.36,0,1.3635
1.26,-218.69,0,1.3627
1.28,-231.15,0,1.3627
1.3,-242.71,0,1.3619
1.32,-253.3,0,1.3635
1.34,-262.89,0,1.3635
1.36,-271.45,0,1.3635
1.38,-278.93,0,1.3627
1.4,-285.32,0,1.3627
1.42,-290.57,0,1.3627
1.44,-294.69,0,1.3619
1.46,-297.63,0,1.3627
1.48,-299.41,0,1.3635
1.5,-300,0,1.3619
1.52,-299.41,0,1.3627
1.54,-297.63,0,1.3635
1.56,-294.69,0,1.3619
1.58,-290.57,0,1.3627
1.6,-285.32,0,1.3635
1.62,-278.93,0,1.3619
1.64,-271.45,0,1.3627
1.66,-262.89,0,1.3627
1.68,-253.3,0,1.3627
1.7,-242.71,0,1.3627
1.72,-231.15,0,1.3627
1.74,-218.69,0,1.3627
1.76,-205.36,0,1.3611
1.78,-191.23,0,1.3627
1.8,-176.34,0,1.3619
1.82,-160.75,0,1.3627
1.84,-144.53,0,1.3635
1.86,-127.73,0,1.3627
1.88,-110.44,0,1.3627
1.9,-92.705,0,1.3627
1.92,-74.607,0,1.3635
1.94,-56.214,0,1.3619
1.96,-37.6,0,1.3635
1.98,-18.837,0,1.3635
2,-0,0,1.3627
2.02,18.837,0,1.3627
2.04,37.6,0,1.3635
2.06,56.214,0,1.3627
2.08,74.607,0,1.3627
2.1,92.705,0,1.3619
2.12,110.44,0,1.3627
2.14,127.73,0,1.3635
2.16,144.53,0,1.3627
2.18,160.75,0,1.3627
2.2,176.34,0,1.3635
2.22,191.23,0,1.3619
2.24,205.36,0,1.3627
2.26,218.69,0,1.3627
2.28,231.15,0,1.3627
2.3,242.71,0,1.3627
2.32,253.3,0,1.3643
2.34,262.89,0,1.3627
2.36,271.45,0,1.3627
2.38,278.93,0,1.3619
2.4,285.32,0,1.3627
2.42,290.57,0,1.3627
2.44,294.69,0,1.3627
2.46,297.63,0,1.3619
2.48,299.41,0,1.3627
2.5,300,0,1.3619
2.52,299.41,0,1.3627
2.54,297.63,0,1.3627
2.56,294.69,0,1.3619
2.58,290.57,0,1.3627
2.6,285.32,0,1.3619
2.62,278.93,0,1.3619
2.64,271.45,0,1.3611
2.66,262.89,0,1.3619
2.68,253.3,0,1.3627
2.7,242.71,0,1.3627
2.72,231.15,0,1.3619
2.74,218.69,0,1.3627
2.76,205.36,0,1.3619
2.78,191.23,0,1.3619
2.8,176.34,0,1.3627
2.82,160.75,0,1.3627
2.84,144.53,0,1.3635
2.86,127.73,0,1.3627
2.88,110.44,0,1.3619
2.9,92.705,0,1.3635
2.92,74.607,0,1.3627
2.94,56.214,0,1.3619
2.96,37.6,0,1.3619
2.98,18.837,0,1.3619
3,0,0,1.3627
3.02,-18.837,0,1.3627
3.04,-37.6,0,1.3627
3.06,-56.214,0,1.3635
3.08,-74.607,0,1.3627
3.1,-92.705,0,1.3627
3.12,-110.44,0,1.3619
3.14,-127.73,0,1.3635
3.16,-144.53,0,1.3635
3.18,-160.75,0,1.3619
3.2,-176.34,0,1.3619
3.22,-191.23,0,1.3619
3.24,-205.36,0,1.3627
3.26,-218.69,0,1.3611
3.28,-231.15,0,1.3627
3.3,-242.71,0,1.3619
3.32,-253.3,0,1.3627
3.34,-262.89,0,1.3619
3.36,-271.45,0,1.3619
3.38,-278.93,0,1.3635
3.4,-285.32,0,1.3635
3.42,-290.57,0,1.3619
3.44,-294.69,0,1.3627
3.46,-297.63,0,1.3627
3.48,-299.41,0,1.3627
3.5,-300,0,1.3627
3.52,-299.41,0,1.3627
3.54,-297.63,0,1.3619
3.56,-294.69,0,1.3627
3.58,-290.57,0,1.3611
3.6,-285.32,0,1.3627
3.62,-278.93,0,1.3627
3.64,-271.45,0,1.3627
3.66,-262.89,0,1.3635
3.68,-253.3,0,1.3635
3.7,-242.71,0,1.3635
3.72,-231.15,0,1.3619
3.74,-218.69,0,1.3643
3.76,-205.36,0,1.3635
3.78,-191.23,0,1.3619
3.8,-176.34,0,1.3627
3.82,-160.75,0,1.3635
3.84,-144.53,0,1.3619
3.86,-127.73,0,1.3627
3.88,-110.44,0,1.3627
3.9,-92.705,0,1.3627
3.92,-74.607,0,1.3643
3.94,-56.214,0,1.3619
3.96,-37.6,0,1.3627
3.98,-18.837,0,1.3627
4,-0,0,1.3619
4.02,18.837,0,1.3627
4.04,37.6,0,1.3627
4.06,56.214,0,1.3619
4.08,74.607,0,1.3611
4.1,92.705,0,1.3627
4.12,110.44,0,1.3619
4.14,127.73,0,1.3627
4.16,144.53,0,1.3619
4.18,160.75,0,1.3619
4.2,176.34,0,1.3619
4.22,191.23,0,1.3627
4.24,205.36,0,1.3619
4.26,218.69,0,1.3635
4.28,231.15,0,1.3619
4.3,242.71,0,1.3619
4.32,253.3,0,1.3627
4.34,262.89,0,1.3627
4.36,271.45,0,1.3627
4.38,278.93,0,1.3627
4.4,285.32,0,1.3627
4.42,290.57,0,1.3619
4.44,294.69,0,1.3627
4.46,297.63,0,1.3619
4.48,299.41,0,1.3635
4.5,300,0,1.3627
4.52,299.41,0,1.3627
4.54,297.63,0,1.3627
4.56,294.69,0,1.3619
4.58,290.57,0,1.3619
4.6,285.32,0,1.3627
4.62,278.93,0,1.3627
4.64,271.45,0,1.3635
4.66,262.89,0,1.3619
4.68,253.3,0,1.3619
4.7,242.71,0,1.3627
4.72,231.15,0,1.3627
4.74,218.69,0,1.3627
4.76,205.36,0,1.3619
4.78,191.23,0,1.3627
4.8,176.34,0,1.3635
4.82,160.75,0,1.3627
4.84,144.53,0,1.3627
4.86,127.73,0,1.3619
4.88,110.44,0,1.3627
4.9,92.705,0,1.3627
4.92,74.607,0,1.3627
4.94,56.214,0,1.3635
4.96,37.6,0,1.3627
4.98,18.837,0,1.3627
5,0,0,1.3619
5.02,-18.837,0,1.3627
5.04,-37.6,0,1.3627
5.06,-56.214,0,1.3635
5.08,-74.607,0,1.3619
5.1,-92.705,0,1.3627
5.12,-110.44,0,1.3619
5.14,-127.73,0,1.3627
5.16,-144.53,0,1.3619
5.18,-160.75,0,1.3627
5.2,-176.34,0,1.3627
5.22,-191.23,0,1.3627
5.24,-205.36,0,1.3627
5.26,-218.69,0,1.3635
5.28,-231.15,0,1.3627
5.3,-242.71,0,1.3627
5.32,-253.3,0,1.3619
5.34,-262.89,0,1.3619
5.36,-271.45,0,1.3619
5.38,-278.93,0,1.3619
5.4,-285.32,0,1.3627
5.42,-290.57,0,1.3627
5.44,-294.69,0,1.3635
5.46,-297.63,0,1.3619
5.48,-299.41,0,1.3635
5.5,-300,0,1.3627
5.52,-299.41,0,1.3635
5.54,-297.63,0,1.3635
5.56,-294.69,0,1.3619
5.58,-290.57,0,1.3635
5.6,-285.32,0,1.3635
5.62,-278.93,0,1.3643
5.64,-271.45,0,1.3627
5.66,-262.89,0,1.3603
5.68,-253.3,0,1.3627
5.7,-242.71,0,1.3627
5.72,-231.15,0,1.3611
5.74,-218.69,0,1.3458
5.76,-205.36,0,1.3281
5.78,-191.23,0,1.3095
5.8,-176.34,0,1.3031
5.82,-160.75,0,1.2902
5.84,-144.53,0,1.2684
5.86,-127.73,0,1.262
5.88,-110.44,0,1.2459
5.9,-92.705,0,1.2386
5.92,-74.607,0,1.2257
5.94,-56.214,0,1.2185
5.96,-37.6,0,1.2104
5.98,-18.837,0,1.2072
6,-0,0,1.1967
6.02,18.837,0,1.1983
6.04,37.6,0,1.1999
6.06,56.214,0,1.1967
6.08,74.607,0,1.1975
6.1,92.705,0,1.1991
6.12,110.44,0,1.2104
6.14,127.73,0,1.2088
6.16,144.53,0,1.2257
6.18,160.75,0,1.2692
6.2,176.34,0,1.3071
6.22,191.23,0,1.3579
6.24,205.36,0,1.3933
6.26,218.69,0,1.424
6.28,231.15,0,1.4626
6.3,242.71,0,1.4747
6.32,253.3,0,1.4836
6.34,262.89,0,1.4707
6.36,271.45,0,1.4425
6.38,278.93,0,1.3651
6.4,285.32,0,1.3619
6.42,290.57,0,1.3522
6.44,294.69,0,1.37
6.46,297.63,0,1.4014
6.48,299.41,0,1.4062
6.5,300,0,1.3547
6.52,299.41,0,1.3434
6.54,297.63,0,1.3635
6.56,294.69,0,1.3829
6.58,290.57,0,1.4135
6.6,285.32,0,1.4191
6.62,278.93,0,1.403
6.64,271.45,0,1.3917
6.66,262.89,0,1.3821
6.68,253.3,0,1.3555
6.7,242.71,0,1.3418
6.72,231.15,0,1.3474
6.74,218.69,0,1.3426
6.76,205.36,0,1.3361
6.78,191.23,0,1.3418
6.8,176.34,0,1.3329
6.82,160.75,0,1.3297
6.84,144.53,0,1.3273
6.86,127.73,0,1.3208
6.88,110.44,0,1.3144
6.9,92.705,0,1.3111
6.92,74.607,0,1.2999
6.94,56.214,0,1.2829
6.96,37.6,0,1.2765
6.98,18.837,0,1.2725
7,0,0,1.2555
7.02,-18.837,0,1.2451
7.04,-37.6,0,1.2386
7.06,-56.214,0,1.2378
7.08,-74.607,0,1.2281
7.1,-92.705,0,1.2185
7.12,-110.44,0,1.2322
7.14,-127.73,0,1.2257
7.16,-144.53,0,1.2289
7.18,-160.75,0,1.2354
7.2,-176.34,0,1.2426
7.22,-191.23,0,1.2507
7.24,-205.36,0,1.2579
7.26,-218.69,0,1.2862
7.28,-231.15,0,1.2926
7.3,-242.71,0,1.3095
7.32,-253.3,0,1.3305
7.34,-262.89,0,1.3474
7.36,-271.45,0,1.3571
7.38,-278.93,0,1.3619
7.4,-285.32,0,1.3627
7.42,-290.57,0,1.3619
7.44,-294.69,0,1.3643
7.46,-297.63,0,1.3627
7.48,-299.41,0,1.3619
7.5,-300,0,1.3627
7.52,-299.41,0,1.3627
7.54,-297.63,0,1.3635
7.56,-294.69,0,1.3651
7.58,-290.57,0,1.374
7.6,-285.32,0,1.3804
7.62,-278.93,0,1.4006
7.64,-271.45,0,1.4199
7.66,-262.89,0,1.4368
7.68,-253.3,0,1.4522
7.7,-242.71,0,1.4659
7.72,-231.15,0,1.4796
7.74,-218.69,0,1.4981
7.76,-205.36,0,1.5086
7.78,-191.23,0,1.5215
7.8,-176.34,0,1.5384
7.82,-160.75,0,1.5456
7.84,-144.53,0,1.5464
7.86,-127.73,0,1.5626
7.88,-110.44,0,1.5642
7.9,-92.705,0,1.5674
7.92,-74.607,0,1.569
7.94,-56.214,0,1.5674
7.96,-37.6,0,1.5634
7.98,-18.837,0,1.5553
8,-0,0,1.5585
8.02,18.837,0,1.5513
8.04,37.6,0,1.5634
8.06,56.214,0,1.54
8.08,74.607,0,1.5295
8.1,92.705,0,1.5199
8.12,110.44,0,1.5078
8.14,127.73,0,1.4908
8.16,144.53,0,1.4723
8.18,160.75,0,1.4514
8.2,176.34,0,1.4368
8.22,191.23,0,1.4062
8.24,205.36,0,1.3812
8.26,218.69,0,1.3667
8.28,231.15,0,1.3563
8.3,242.71,0,1.3579
8.32,253.3,0,1.3547
8.34,262.89,0,1.3498
8.36,271.45,0,1.3458
8.38,278.93,0,1.3418
8.4,285.32,0,1.3377
8.42,290.57,0,1.3345
8.44,294.69,0,1.3168
8.46,297.63,0,1.3103
8.48,299.41,0,1.2982
8.5,300,0,1.287
8.52,299.41,0,1.287
8.54,297.63,0,1.2741
8.56,294.69,0,1.2563
8.58,290.57,0,1.2418
8.6,285.32,0,1.2394
8.62,278.93,0,1.2225
8.64,271.45,0,1.2225
8.66,262.89,0,1.212
8.68,253.3,0,1.2088
8.7,242.71,0,1.2048
8.72,231.15,0,1.1975
8.74,218.69,0,1.1935
8.76,205.36,0,1.1935
8.78,191.23,0,1.1919
8.8,176.34,0,1.1886
8.82,160.75,0,1.1951
8.84,144.53,0,1.1895
8.86,127.73,0,1.2015
8.88,110.44,0,1.2023
8.9,92.705,0,1.216
8.92,74.607,0,1.2185
8.94,56.214,0,1.2281
8.96,37.6,0,1.2314
8.98,18.837,0,1.2507
9,0,0,1.2539
9.02,-18.837,0,1.2725
9.04,-37.6,0,1.2878
9.06,-56.214,0,1.3055
9.08,-74.607,0,1.324
9.1,-92.705,0,1.341
9.12,-110.44,0,1.3563
9.14,-127.73,0,1.3651
9.16,-144.53,0,1.3732
9.18,-160.75,0,1.3732
9.2,-176.34,0,1.37
9.22,-191.23,0,1.3692
9.24,-205.36,0,1.3675
9.26,-218.69,0,1.3821
9.28,-231.15,0,1.3845
9.3,-242.71,0,1.3941
9.32,-253.3,0,1.4038
9.34,-262.89,0,1.4111
9.36,-271.45,0,1.4135
9.38,-278.93,0,1.4191
9.4,-285.32,0,1.432
9.42,-290.57,0,1.4481
9.44,-294.69,0,1.4473
9.46,-297.63,0,1.461
9.48,-299.41,0,1.4763
9.5,-300,0,1.4868
9.52,-299.41,0,1.4997
9.54,-297.63,0,1.5126
9.56,-294.69,0,1.515
9.58,-290.57,0,1.5303
9.6,-285.32,0,1.5392
9.62,-278.93,0,1.5448
9.64,-271.45,0,1.5545
9.66,-262.89,0,1.5634
9.68,-253.3,0,1.5755
9.7,-242.71,0,1.5682
9.72,-231.15,0,1.5771
9.74,-218.69,0,1.5714
9.76,-205.36,0,1.5835
9.78,-191.23,0,1.5698
9.8,-176.34,0,1.5674
9.82,-160.75,0,1.5738
9.84,-144.53,0,1.5618
9.86,-127.73,0,1.5674
9.88,-110.44,0,1.5593
9.9,-92.705,0,1.5497
9.92,-74.607,0,1.54
9.94,-56.214,0,1.5311
9.96,-37.6,0,1.5215
9.98,-18.837,0,1.5021
10,-0,0,1.4836
10.02,18.837,0,1.4675
10.04,37.6,0,1.4497
10.06,56.214,0,1.4264
10.08,74.607,0,1.4014
10.1,92.705,0,1.3772
10.12,110.44,0,1.3675
10.14,127.73,0,1.3627
10.16,144.53,0,1.3595
10.18,160.75,0,1.3611
10.2,176.34,0,1.3619
10.22,191.23,0,1.3619
10.24,205.36,0,1.3619
10.26,218.69,0,1.3603
10.28,231.15,0,1.3603
10.3,242.71,0,1.3627
10.32,253.3,0,1.3619
10.34,262.89,0,1.3458
10.36,271.45,0,1.3224
10.38,278.93,0,1.3055
10.4,285.32,0,1.2974
10.42,290.57,0,1.2829
10.44,294.69,0,1.2692
10.46,297.63,0,1.2668
10.48,299.41,0,1.2579
10.5,300,0,1.2394
10.52,299.41,0,1.2354
10.54,297.63,0,1.2144
10.56,294.69,0,1.2177
10.58,290.57,0,1.2072
10.6,285.32,0,1.1911
10.62,278.93,0,1.1943
10.64,271.45,0,1.1846
10.66,262.89,0,1.1774
10.68,253.3,0,1.1709
10.7,242.71,0,1.1725
10.72,231.15,0,1.1685
10.74,218.69,0,1.1741
10.76,205.36,0,1.1725
10.78,191.23,0,1.1709
10.8,176.34,0,1.1693
10.82,160.75,0,1.1709
10.84,144.53,0,1.1822
10.86,127.73,0,1.1895
10.88,110.44,0,1.1903
10.9,92.705,0,1.1959
10.92,74.607,0,1.204
10.94,56.214,0,1.2096
10.96,37.6,0,1.2273
10.98,18.837,0,1.237
11,0,0,1.2451
11.02,-18.837,0,1.2676
11.04,-37.6,0,1.295
11.06,-56.214,0,1.3144
11.08,-74.607,0,1.3297
11.1,-92.705,0,1.3418
11.12,-110.44,0,1.3498
11.14,-127.73,0,1.3675
11.16,-144.53,0,1.3708
11.18,-160.75,0,1.37
11.2,-176.34,0,1.3716
11.22,-191.23,0,1.37
11.24,-205.36,0,1.3788
11.26,-218.69,0,1.3764
11.28,-231.15,0,1.3796
11.3,-242.71,0,1.3796
11.32,-253.3,0,1.3941
11.34,-262.89,0,1.4038
11.36,-271.45,0,1.4078
11.38,-278.93,0,1.4054
11.4,-285.32,0,1.4006
11.42,-290.57,0,1.4014
11.44,-294.69,0,1.3998
11.46,-297.63,0,1.4038
11.48,-299.41,0,1.4111
11.5,-300,0,1.4127
11.52,-299.41,0,1.4223
11.54,-297.63,0,1.4215
11.56,-294.69,0,1.4191
11.58,-290.57,0,1.4207
11.6,-285.32,0,1.4264
11.62,-278.93,0,1.4207
11.64,-271.45,0,1.4159
11.66,-262.89,0,1.4159
11.68,-253.3,0,1.4127
11.7,-242.71,0,1.4062
11.72,-231.15,0,1.3998
11.74,-218.69,0,1.3982
11.76,-205.36,0,1.4006
11.78,-191.23,0,1.399
11.8,-176.34,0,1.3958
11.82,-160.75,0,1.3941
11.84,-144.53,0,1.3941
11.86,-127.73,0,1.3974
11.88,-110.44,0,1.403
11.9,-92.705,0,1.407
11.92,-74.607,0,1.4119
11.94,-56.214,0,1.4062
11.96,-37.6,0,1.3974
11.98,-18.837,0,1.3958
12,-0,0,1.3974
12.02,18.837,0,1.3998
12.04,37.6,0,1.4038
12.06,56.214,0,1.4006
12.08,74.607,0,1.3877
12.1,92.705,0,1.378
12.12,110.44,0,1.3772
12.14,127.73,0,1.3708
12.16,144.53,0,1.3732
12.18,160.75,0,1.3692
12.2,176.34,0,1.3732
12.22,191.23,0,1.3724
12.24,205.36,0,1.374
12.26,218.69,0,1.3692
12.28,231.15,0,1.3659
12.3,242.71,0,1.3587
12.32,253.3,0,1.3619
12.34,262.89,0,1.3619
12.36,271.45,0,1.3627
12.38,278.93,0,1.3627
12.4,285.32,0,1.3643
12.42,290.57,0,1.3635
12.44,294.69,0,1.3619
12.46,297.63,0,1.3619
12.48,299.41,0,1.3627
12.5,300,0,1.3635
12.52,299.41,0,1.3627
12.54,297.63,0,1.3627
12.56,294.69,0,1.3635
12.58,290.57,0,1.3627
12.6,285.32,0,1.3643
12.62,278.93,0,1.3643
12.64,271.45,0,1.3667
12.66,262.89,0,1.3667
12.68,253.3,0,1.3829
12.7,242.71,0,1.3949
12.72,231.15,0,1.4046
12.74,218.69,0,1.4167
12.76,205.36,0,1.432
12.78,191.23,0,1.4554
12.8,176.34,0,1.4707
12.82,160.75,0,1.4755
12.84,144.53,0,1.4925
12.86,127.73,0,1.5013
12.88,110.44,0,1.5118
12.9,92.705,0,1.5118
12.92,74.607,0,1.5199
12.94,56.214,0,1.5142
12.96,37.6,0,1.5118
12.98,18.837,0,1.507
13,0,0,1.5053
13.02,-18.837,0,1.4973
13.04,-37.6,0,1.4892
13.06,-56.214,0,1.4796
13.08,-74.607,0,1.461
13.1,-92.705,0,1.4473
13.12,-110.44,0,1.4127
13.14,-127.73,0,1.4062
13.16,-144.53,0,1.3974
13.18,-160.75,0,1.3812
13.2,-176.34,0,1.3812
13.22,-191.23,0,1.3692
13.24,-205.36,0,1.3651
13.26,-218.69,0,1.3635
13.28,-231.15,0,1.3619
13.3,-242.71,0,1.3619
13.32,-253.3,0,1.3635
13.34,-262.89,0,1.3627
13.36,-271.45,0,1.3627
13.38,-278.93,0,1.3643
13.4,-285.32,0,1.3643
13.42,-290.57,0,1.3635
13.44,-294.69,0,1.3635
13.46,-297.63,0,1.3635
13.48,-299.41,0,1.3619
13.5,-300,0,1.3627
13.52,-299.41,0,1.3595
13.54,-297.63,0,1.3563
13.56,-294.69,0,1.3393
13.58,-290.57,0,1.3361
13.6,-285.32,0,1.32
13.62,-278.93,0,1.3144
13.64,-271.45,0,1.3023
13.66,-262.89,0,1.2845
13.68,-253.3,0,1.2813
13.7,-242.71,0,1.2692
13.72,-231.15,0,1.2596
13.74,-218.69,0,1.2434
13.76,-205.36,0,1.237
13.78,-191.23,0,1.2209
13.8,-176.34,0,1.216
13.82,-160.75,0,1.208
13.84,-144.53,0,1.2048
13.86,-127.73,0,1.183
13.88,-110.44,0,1.1943
13.9,-92.705,0,1.183
13.92,-74.607,0,1.1806
13.94,-56.214,0,1.1838
13.96,-37.6,0,1.1798
13.98,-18.837,0,1.1862
14,-0,0,1.2023
14.02,18.837,0,1.2177
14.04,37.6,0,1.2765
14.06,56.214,0,1.3353
14.08,74.607,0,1.3829
14.1,92.705,0,1.3998
14.12,110.44,0,1.4207
14.14,127.73,0,1.4352
14.16,144.53,0,1.4505
14.18,160.75,0,1.4578
14.2,176.34,0,1.4651
14.22,191.23,0,1.4763
14.24,205.36,0,1.4788
14.26,218.69,0,1.4812
14.28,231.15,0,1.4788
14.3,242.71,0,1.4836
14.32,253.3,0,1.4739
14.34,262.89,0,1.4755
14.36,271.45,0,1.461
14.38,278.93,0,1.4554
14.4,285.32,0,1.4368
14.42,290.57,0,1.4264
14.44,294.69,0,1.407
14.46,297.63,0,1.3804
14.48,299.41,0,1.3667
14.5,300,0,1.3611
14.52,299.41,0,1.3595
14.54,297.63,0,1.3627
14.56,294.69,0,1.3627
14.58,290.57,0,1.3635
14.6,285.32,0,1.3635
14.62,278.93,0,1.3627
14.64,271.45,0,1.3498
14.66,262.89,0,1.3506
14.68,253.3,0,1.3482
14.7,242.71,0,1.3305
14.72,231.15,0,1.3168
14.74,218.69,0,1.2999
14.76,205.36,0,1.2902
14.78,191.23,0,1.2853
14.8,176.34,0,1.2684
14.82,160.75,0,1.2523
14.84,144.53,0,1.2418
14.86,127.73,0,1.237
14.88,110.44,0,1.2273
14.9,92.705,0,1.2249
14.92,74.607,0,1.216
14.94,56.214,0,1.2072
14.96,37.6,0,1.208
14.98,18.837,0,1.1967
15,0,0,1.2056
15.02,-18.837,0,1.1943
15.04,-37.6,0,1.2007
15.06,-56.214,0,1.1975
15.08,-74.607,0,1.1999
15.1,-92.705,0,1.2064
15.12,-110.44,0,1.2177
15.14,-127.73,0,1.2201
15.16,-144.53,0,1.2338
15.18,-160.75,0,1.2523
15.2,-176.34,0,1.2741
15.22,-191.23,0,1.2918
15.24,-205.36,0,1.3103
15.26,-218.69,0,1.3256
15.28,-231.15,0,1.3466
15.3,-242.71,0,1.3587
15.32,-253.3,0,1.3635
15.34,-262.89,0,1.3667
15.36,-271.45,0,1.3708
15.38,-278.93,0,1.3635
15.4,-285.32,0,1.3716
15.42,-290.57,0,1.3821
15.44,-294.69,0,1.3845
15.46,-297.63,0,1.3982
15.48,-299.41,0,1.4054
15.5,-300,0,1.4215
15.52,-299.41,0,1.4401
15.54,-297.63,0,1.4522
15.56,-294.69,0,1.461
15.58,-290.57,0,1.4755
15.6,-285.32,0,1.49
15.62,-278.93,0,1.4981
15.64,-271.45,0,1.5142
15.66,-262.89,0,1.5239
15.68,-253.3,0,1.54
15.7,-242.71,0,1.544
15.72,-231.15,0,1.5481
15.74,-218.69,0,1.5585
15.76,-205.36,0,1.5682
15.78,-191.23,0,1.569
15.8,-176.34,0,1.5722
15.82,-160.75,0,1.5714
15.84,-144.53,0,1.569
15.86,-127.73,0,1.5714
15.88,-110.44,0,1.5642
15.9,-92.705,0,1.5593
15.92,-74.607,0,1.5521
15.94,-56.214,0,1.5392
15.96,-37.6,0,1.5231
15.98,-18.837,0,1.519
16,-0,0,1.5013
16.02,18.837,0,1.4933
16.04,37.6,0,1.4755
16.06,56.214,0,1.4538
16.08,74.607,0,1.4328
16.1,92.705,0,1.4135
16.12,110.44,0,1.3958
16.14,127.73,0,1.374
16.16,144.53,0,1.374
16.18,160.75,0,1.3595
16.2,176.34,0,1.3603
16.22,191.23,0,1.3635
16.24,205.36,0,1.3627
16.26,218.69,0,1.3579
16.28,231.15,0,1.3482
16.3,242.71,0,1.3418
16.32,253.3,0,1.3393
16.34,262.89,0,1.341
16.36,271.45,0,1.3337
16.38,278.93,0,1.3216
16.4,285.32,0,1.3087
16.42,290.57,0,1.3047
16.44,294.69,0,1.287
16.46,297.63,0,1.2829
16.48,299.41,0,1.2676
16.5,300,0,1.2588
16.52,299.41,0,1.2386
16.54,297.63,0,1.2297
16.56,294.69,0,1.2217
16.58,290.57,0,1.204
16.6,285.32,0,1.2064
16.62,278.93,0,1.1959
16.64,271.45,0,1.1975
16.66,262.89,0,1.1798
16.68,253.3,0,1.1798
16.7,242.71,0,1.183
16.72,231.15,0,1.1766
16.74,218.69,0,1.1806
16.76,205.36,0,1.1741
16.78,191.23,0,1.1782
16.8,176.34,0,1.1846
16.82,160.75,0,1.1886
16.84,144.53,0,1.1951
16.86,127.73,0,1.1935
16.88,110.44,0,1.1999
16.9,92.705,0,1.2104
16.92,74.607,0,1.2233
16.94,56.214,0,1.2362
16.96,37.6,0,1.2612
16.98,18.837,0,1.2837
17,0,0,1.3071
17.02,-18.837,0,1.3313
17.04,-37.6,0,1.3466
17.06,-56.214,0,1.3458
17.08,-74.607,0,1.3659
17.1,-92.705,0,1.3716
17.12,-110.44,0,1.378
17.14,-127.73,0,1.3861
17.16,-144.53,0,1.3909
17.18,-160.75,0,1.3837
17.2,-176.34,0,1.3829
17.22,-191.23,0,1.3933
17.24,-205.36,0,1.3958
17.26,-218.69,0,1.3998
17.28,-231.15,0,1.4038
17.3,-242.71,0,1.3925
17.32,-253.3,0,1.3901
17.34,-262.89,0,1.3901
17.36,-271.45,0,1.3933
17.38,-278.93,0,1.3909
17.4,-285.32,0,1.3941
17.42,-290.57,0,1.4006
17.44,-294.69,0,1.4062
17.46,-297.63,0,1.4103
17.48,-299.41,0,1.4135
17.5,-300,0,1.4151
17.52,-299.41,0,1.4111
17.54,-297.63,0,1.4038
17.56,-294.69,0,1.399
17.58,-290.57,0,1.4264
17.6,-285.32,0,1.4441
17.62,-278.93,0,1.4578
17.64,-271.45,0,1.4779
17.66,-262.89,0,1.4852
17.68,-253.3,0,1.5037
17.7,-242.71,0,1.5134
17.72,-231.15,0,1.5142
17.74,-218.69,0,1.5199
17.76,-205.36,0,1.5247
17.78,-191.23,0,1.5279
17.8,-176.34,0,1.5344
17.82,-160.75,0,1.5352
17.84,-144.53,0,1.5392
17.86,-127.73,0,1.54
17.88,-110.44,0,1.544
17.9,-92.705,0,1.5368
17.92,-74.607,0,1.5368
17.94,-56.214,0,1.5295
17.96,-37.6,0,1.5207
17.98,-18.837,0,1.519
18,-0,0,1.5037
18.02,18.837,0,1.482
18.04,37.6,0,1.4723
18.06,56.214,0,1.4505
18.08,74.607,0,1.432
18.1,92.705,0,1.4151
18.12,110.44,0,1.399
18.14,127.73,0,1.3595
18.16,144.53,0,1.3538
18.18,160.75,0,1.3627
18.2,176.34,0,1.3643
18.22,191.23,0,1.3643
18.24,205.36,0,1.3635
18.26,218.69,0,1.3635
18.28,231.15,0,1.3619
18.3,242.71,0,1.3635
18.32,253.3,0,1.3442
18.34,262.89,0,1.3329
18.36,271.45,0,1.3377
18.38,278.93,0,1.3345
18.4,285.32,0,1.3273
18.42,290.57,0,1.3192
18.44,294.69,0,1.3136
18.46,297.63,0,1.2982
18.48,299.41,0,1.2878
18.5,300,0,1.2733
18.52,299.41,0,1.2636
18.54,297.63,0,1.2515
18.56,294.69,0,1.2491
18.58,290.57,0,1.2362
18.6,285.32,0,1.2209
18.62,278.93,0,1.2128
18.64,271.45,0,1.2072
18.66,262.89,0,1.1975
18.68,253.3,0,1.1975
18.7,242.71,0,1.187
18.72,231.15,0,1.1854
18.74,218.69,0,1.183
18.76,205.36,0,1.1862
18.78,191.23,0,1.1935
18.8,176.34,0,1.1959
18.82,160.75,0,1.2048
18.84,144.53,0,1.2056
18.86,127.73,0,1.208
18.88,110.44,0,1.2265
18.9,92.705,0,1.2289
18.92,74.607,0,1.2475
18.94,56.214,0,1.2547
18.96,37.6,0,1.2716
18.98,18.837,0,1.2797
19,0,0,1.2958
19.02,-18.837,0,1.3047
19.04,-37.6,0,1.3216
19.06,-56.214,0,1.3313
19.08,-74.607,0,1.3426
19.1,-92.705,0,1.3538
19.12,-110.44,0,1.3643
19.14,-127.73,0,1.3675
19.16,-144.53,0,1.3716
19.18,-160.75,0,1.3667
19.2,-176.34,0,1.37
19.22,-191.23,0,1.37
19.24,-205.36,0,1.3756
19.26,-218.69,0,1.3764
19.28,-231.15,0,1.3756
19.3,-242.71,0,1.3764
19.32,-253.3,0,1.3804
19.34,-262.89,0,1.3764
19.36,-271.45,0,1.3788
19.38,-278.93,0,1.3804
19.4,-285.32,0,1.3845
19.42,-290.57,0,1.3861
19.44,-294.69,0,1.3925
19.46,-297.63,0,1.3974
19.48,-299.41,0,1.403
19.5,-300,0,1.4103
19.52,-299.41,0,1.4175
19.54,-297.63,0,1.424
19.56,-294.69,0,1.4344
19.58,-290.57,0,1.4473
19.6,-285.32,0,1.4618
19.62,-278.93,0,1.4812
19.64,-271.45,0,1.482
19.66,-262.89,0,1.49
19.68,-253.3,0,1.5029
19.7,-242.71,0,1.5102
19.72,-231.15,0,1.5158
19.74,-218.69,0,1.5239
19.76,-205.36,0,1.5199
19.78,-191.23,0,1.5199
19.8,-176.34,0,1.5199
19.82,-160.75,0,1.519
19.84,-144.53,0,1.5166
19.86,-127.73,0,1.5174
19.88,-110.44,0,1.5094
19.9,-92.705,0,1.5013
19.92,-74.607,0,1.49
19.94,-56.214,0,1.4908
19.96,-37.6,0,1.4836
19.98,0,0,1.4771
20,0,0,1.4699
