-1.8333,176.26
-1.8303,176.15
-1.8272,153.78
-1.8242,129.72
-1.8211,96.698
-1.8181,8.381
-1.815,-42.478
-1.8119,-38.89
-1.8089,-73.077
-1.8058,-74.66
-1.8028,-75.082
-1.7997,-93.02
-1.7967,-94.813
-1.7936,-103.78
-1.7906,-109.8
-1.7875,-112.22
-1.7844,-116.55
-1.7814,-120.03
-1.7783,-125.2
-1.7753,-126.68
-1.7722,-128.68
-1.7692,-132.9
-1.7661,-134.59
-1.7631,-137.97
-1.76,-139.24
-1.7569,-139.45
-1.7539,-141.13
-1.7508,-142.82
-1.7478,-146.94
-1.7447,-146.41
-1.7417,-146.31
-1.7386,-150.42
-1.7356,-148.52
-1.7325,-152.74
-1.7294,-152.43
-1.7264,-152.64
-1.7233,-155.06
-1.7203,-152.95
-1.7172,-156.96
-1.7142,-155.59
-1.7111,-158.23
-1.7081,-155.49
-1.705,-159.71
-1.7019,-160.23
-1.6989,-158.02
-1.6958,-161.71
-1.6928,-157.91
-1.6897,-159.6
-1.6867,-160.34
-1.6836,-162.55
-1.6806,-161.61
-1.6775,-160.44
-1.6744,-162.34
-1.6714,-163.29
-1.6683,-163.72
-1.6653,-164.24
-1.6622,-161.92
-1.6592,-165.51
-1.6561,-163.08
-1.6531,-164.88
-1.65,-161.18
-1.6469,-165.19
-1.6439,-164.03
-1.6408,-164.77
-1.6378,-162.77
-1.6347,-164.98
-1.6317,-166.04
-1.6286,-165.3
-1.6256,-169.41
-1.6225,-163.08
-1.6194,-167.2
-1.6164,-162.66
-1.6133,-164.98
-1.6103,-164.35
-1.6072,-164.88
-1.6042,-166.35
-1.6011,-165.83
-1.5981,-164.35
-1.595,-162.87
-1.5919,-164.45
-1.5889,-165.72
-1.5858,-165.09
-1.5828,-164.77
-1.5797,-164.24
-1.5767,-164.56
-1.5736,-163.93
-1.5706,-163.19
-1.5675,-166.46
-1.5644,-164.35
-1.5614,-163.82
-1.5583,-163.08
-1.5553,-164.45
-1.5522,-161.5
-1.5492,-165.3
-1.5461,-163.72
-1.5431,-164.77
-1.54,-166.14
-1.5369,-160.76
-1.5339,-166.88
-1.5308,-160.55
-1.5278,-167.51
-1.5247,-164.45
-1.5217,-164.35
-1.5186,-162.45
-1.5156,-163.4
-1.5125,-163.82
-1.5094,-161.08
-1.5064,-165.61
-1.5033,-163.72
-1.5003,-162.87
-1.4972,-163.5
-1.4942,-161.39
-1.4911,-161.29
-1.4881,-162.34
-1.485,-162.66
-1.4819,-162.55
-1.4789,-162.24
-1.4758,-158.97
-1.4728,-161.92
-1.4697,-160.23
-1.4667,-159.6
-1.4636,-162.03
-1.4606,-161.39
-1.4575,-160.97
-1.4544,-159.92
-1.4514,-156.33
-1.4483,-157.49
-1.4453,-158.02
-1.4422,-158.86
-1.4392,-157.17
-1.4361,-155.59
-1.4331,-153.16
-1.43,-157.81
-1.4269,-153.27
-1.4239,-155.38
-1.4208,-153.48
-1.4178,-153.48
-1.4147,-155.8
-1.4117,-151.69
-1.4086,-155.27
-1.4056,-150.95
-1.4025,-152
-1.3994,-152.21
-1.3964,-150.21
-1.3933,-152.53
-1.3903,-150.21
-1.3872,-150.84
-1.3842,-150.84
-1.3811,-150.74
-1.3781,-150.95
-1.375,-150.95
-1.3719,-148.84
-1.3689,-148.94
-1.3658,-150.84
-1.3628,-149.37
-1.3597,-147.89
-1.3567,-146.94
-1.3536,-150.84
-1.3506,-147.99
-1.3475,-148.31
-1.3444,-148.94
-1.3414,-145.99
-1.3383,-149.05
-1.3353,-146.52
-1.3322,-145.25
-1.3292,-148.52
-1.3261,-144.3
-1.3231,-148.1
-1.32,-144.93
-1.3169,-147.25
-1.3139,-145.57
-1.3108,-145.14
-1.3078,-142.93
-1.3047,-145.67
-1.3017,-145.14
-1.2986,-145.36
-1.2956,-145.04
-1.2925,-141.98
-1.2894,-144.93
-1.2864,-143.35
-1.2833,-142.93
-1.2803,-144.83
-1.2772,-143.35
-1.2742,-141.98
-1.2711,-145.46
-1.2681,-142.19
-1.265,-144.19
-1.2619,-142.82
-1.2589,-141.35
-1.2558,-142.82
-1.2528,-142.82
-1.2497,-139.55
-1.2467,-142.08
-1.2436,-141.13
-1.2406,-141.13
-1.2375,-142.51
-1.2344,-137.44
-1.2314,-141.98
-1.2283,-138.18
-1.2253,-139.55
-1.2222,-138.5
-1.2192,-135.23
-1.2161,-138.29
-1.2131,-138.81
-1.21,-136.7
-1.2069,-136.81
-1.2039,-137.13
-1.2008,-135.54
-1.1978,-138.07
-1.1947,-136.49
-1.1917,-133.96
-1.1886,-132.9
-1.1856,-133.96
-1.1825,-135.75
-1.1794,-133.33
-1.1764,-134.07
-1.1733,-131.32
-1.1703,-132.38
-1.1672,-132.8
-1.1642,-131.85
-1.1611,-133.54
-1.1581,-132.06
-1.155,-130.58
-1.1519,-133.12
-1.1489,-131.43
-1.1458,-131.01
-1.1428,-128.79
-1.1397,-131.64
-1.1367,-134.7
-1.1336,-127.95
-1.1306,-129.53
-1.1275,-126.78
-1.1244,-128.37
-1.1214,-131.22
-1.1183,-128.79
-1.1153,-124.89
-1.1122,-124.36
-1.1092,-128.16
-1.1061,-127.42
-1.1031,-129.32
-1.1,-123.51
-1.0969,-121.3
-1.0939,-124.36
-1.0908,-123.2
-1.0878,-125.1
-1.0847,-123.51
-1.0817,-121.09
-1.0786,-122.46
-1.0756,-122.78
-1.0725,-122.99
-1.0694,-121.51
-1.0664,-120.03
-1.0633,-121.09
-1.0603,-120.45
-1.0572,-121.93
-1.0542,-119.93
-1.0511,-117.92
-1.0481,-118.98
-1.045,-118.98
-1.0419,-116.87
-1.0389,-121.4
-1.0358,-118.34
-1.0328,-117.29
-1.0297,-116.44
-1.0267,-118.03
-1.0236,-115.71
-1.0206,-115.28
-1.0175,-115.81
-1.0144,-113.49
-1.0114,-113.28
-1.0083,-115.39
-1.0053,-114.97
-1.0022,-112.75
-0.99917,-113.28
-0.99611,-113.07
-0.99306,-111.06
-0.99,-111.38
-0.98694,-112.86
-0.98389,-110.32
-0.98083,-110.43
-0.97778,-111.59
-0.97472,-108.85
-0.97167,-108.95
-0.96861,-108.64
-0.96556,-108.64
-0.9625,-107.58
-0.95944,-108.43
-0.95639,-108.11
-0.95333,-108.43
-0.95028,-107.9
-0.94722,-107.05
-0.94417,-108.11
-0.94111,-106.84
-0.93806,-106.95
-0.935,-104.31
-0.93194,-103.36
-0.92889,-103.99
-0.92583,-103.36
-0.92278,-104.2
-0.91972,-102.83
-0.91667,-101.67
-0.91361,-100.51
-0.91056,-100.93
-0.9075,-100.62
-0.90444,-99.667
-0.90139,-100.09
-0.89833,-101.57
-0.89528,-97.873
-0.89222,-100.19
-0.88917,-98.507
-0.88611,-99.034
-0.88306,-98.507
-0.88,-97.768
-0.87694,-96.713
-0.87389,-95.763
-0.87083,-95.974
-0.86778,-94.919
-0.86472,-96.607
-0.86167,-98.401
-0.85861,-95.974
-0.85556,-96.291
-0.8525,-93.547
-0.84944,-93.969
-0.84639,-90.804
-0.84333,-96.08
-0.84028,-93.336
-0.83722,-92.809
-0.83417,-93.653
-0.83111,-90.804
-0.82806,-90.909
-0.825,-92.809
-0.82194,-90.171
-0.81889,-93.336
-0.81583,-91.331
-0.81278,-90.171
-0.80972,-89.643
-0.80667,-86.161
-0.80361,-89.643
-0.80056,-89.221
-0.7975,-87.111
-0.79444,-88.694
-0.79139,-86.9
-0.78833,-87.005
-0.78528,-86.689
-0.78222,-87.005
-0.77917,-87.955
-0.77611,-87.533
-0.77306,-87.216
-0.77,-86.583
-0.76694,-85.528
-0.76389,-85.106
-0.76083,-86.9
-0.75778,-82.996
-0.75472,-86.372
-0.75167,-85.528
-0.74861,-86.267
-0.74556,-84.473
-0.7425,-83.945
-0.73944,-82.363
-0.73639,-84.473
-0.73333,-81.73
-0.73028,-82.574
-0.72722,-82.679
-0.72417,-80.147
-0.72111,-85.001
-0.71806,-79.619
-0.715,-79.514
-0.71194,-82.257
-0.70889,-79.197
-0.70583,-81.519
-0.70278,-76.665
-0.69972,-79.725
-0.69667,-80.147
-0.69361,-78.986
-0.69056,-79.092
-0.6875,-76.876
-0.68444,-80.252
-0.68139,-78.775
-0.67833,-76.77
-0.67528,-77.72
-0.67222,-73.921
-0.66917,-76.77
-0.66611,-77.72
-0.66306,-75.082
-0.66,-75.504
-0.65694,-75.082
-0.65389,-72.444
-0.65083,-77.614
-0.64778,-71.389
-0.64472,-72.128
-0.64167,-71.178
-0.63861,-73.394
-0.63556,-73.605
-0.6325,-70.123
-0.62944,-72.339
-0.62639,-68.857
-0.62333,-69.068
-0.62028,-69.173
-0.61722,-70.439
-0.61417,-68.435
-0.61111,-67.379
-0.60806,-67.907
-0.605,-66.008
-0.60194,-65.48
-0.59889,-67.485
-0.59583,-63.475
-0.59278,-64.847
-0.58972,-64.953
-0.58667,-64.953
-0.58361,-64.108
-0.58056,-66.008
-0.5775,-62.631
-0.57444,-61.893
-0.57139,-62.948
-0.56833,-61.893
-0.56528,-62.948
-0.56222,-61.787
-0.55917,-62.42
-0.55611,-60.31
-0.55306,-62.104
-0.55,-59.466
-0.54694,-61.682
-0.54389,-57.777
-0.54083,-57.883
-0.53778,-56.3
-0.53472,-58.094
-0.53167,-57.25
-0.52861,-57.461
-0.52556,-54.717
-0.5225,-56.089
-0.51944,-53.979
-0.51639,-55.456
-0.51333,-55.14
-0.51028,-54.401
-0.50722,-54.717
-0.50417,-55.773
-0.50111,-52.607
-0.49806,-53.662
-0.495,-52.713
-0.49194,-50.708
-0.48889,-51.024
-0.48583,-51.235
-0.48278,-47.964
-0.47972,-49.758
-0.47667,-49.442
-0.47361,-51.13
-0.47056,-47.753
-0.4675,-47.437
-0.46444,-47.331
-0.46139,-46.804
-0.45833,-48.387
-0.45528,-46.276
-0.45222,-46.065
-0.44917,-46.593
-0.44611,-44.905
-0.44306,-45.538
-0.44,-42.267
-0.43694,-44.482
-0.43389,-44.799
-0.43083,-43.005
-0.42778,-45.116
-0.42472,-42.583
-0.42167,-42.267
-0.41861,-42.161
-0.41556,-42.9
-0.4125,-43.216
-0.40944,-44.06
-0.40639,-43.322
-0.40333,-40.473
-0.40028,-42.372
-0.39722,-39.945
-0.39417,-42.583
-0.39111,-40.262
-0.38806,-40.051
-0.385,-39.945
-0.38194,-37.096
-0.37889,-36.991
-0.37583,-38.152
-0.37278,-38.785
-0.36972,-35.514
-0.36667,-37.94
-0.36361,-34.458
-0.36056,-37.624
-0.3575,-33.298
-0.35444,-35.936
-0.35139,-35.092
-0.34833,-33.509
-0.34528,-35.936
-0.34222,-31.715
-0.33917,-34.142
-0.33611,-33.298
-0.33306,-30.554
-0.33,-33.192
-0.32694,-30.765
-0.32389,-30.554
-0.32083,-30.66
-0.31778,-30.66
-0.31472,-29.499
-0.31167,-30.238
-0.30861,-30.976
-0.30556,-30.132
-0.3025,-29.077
-0.29944,-28.339
-0.29639,-29.183
-0.29333,-28.866
-0.29028,-26.967
-0.28722,-26.123
-0.28417,-26.123
-0.28111,-28.444
-0.27806,-24.751
-0.275,-27.705
-0.27194,-24.962
-0.26889,-25.279
-0.26583,-24.54
-0.26278,-24.118
-0.25972,-24.329
-0.25667,-21.586
-0.25361,-23.274
-0.25056,-22.219
-0.2475,-23.801
-0.24444,-20.108
-0.24139,-21.48
-0.23833,-20.636
-0.23528,-20.741
-0.23222,-20.741
-0.22917,-18.526
-0.22611,-20.108
-0.22306,-18.103
-0.22,-18.631
-0.21694,-17.048
-0.21389,-17.576
-0.21083,-16.415
-0.20778,-16.521
-0.20472,-15.571
-0.20167,-15.255
-0.19861,-15.044
-0.19556,-14.621
-0.1925,-14.833
-0.18944,-13.883
-0.18639,-14.305
-0.18333,-13.355
-0.18028,-11.667
-0.17722,-10.928
-0.17417,-11.878
-0.17111,-9.9788
-0.16806,-10.612
-0.165,-9.9788
-0.16194,-10.19
-0.15889,-10.401
-0.15583,-9.3457
-0.15278,-8.185
-0.14972,-8.2905
-0.14667,-6.3912
-0.14361,-7.7629
-0.14056,-7.0243
-0.1375,-5.6526
-0.13444,-8.2905
-0.13139,-5.2306
-0.12833,-5.9692
-0.12528,-4.492
-0.12222,-5.0195
-0.11917,-4.2809
-0.11611,-4.8085
-0.11306,-5.9692
-0.11,-2.8037
-0.10694,-5.1251
-0.10389,-6.8133
-0.10083,-3.0147
-0.097778,-2.5927
-0.094722,-3.2258
-0.091667,-2.4872
-0.088611,-1.1154
-0.085556,-2.6982
-0.0825,-2.0651
-0.079444,-0.37684
-0.076389,-2.5927
-0.073333,-1.5375
-0.070278,-1.1154
-0.067222,1.628
-0.064167,1.3114
-0.061111,0.25626
-0.058056,2.6831
-0.055,1.4169
-0.051944,1.628
-0.048889,0.99487
-0.045833,1.7335
-0.042778,0.5728
-0.039722,-1.0099
-0.036667,3.1052
-0.033611,-0.48235
-0.030556,2.1555
-0.0275,1.7335
-0.024444,-0.37684
-0.021389,1.1004
-0.018333,2.3666
-0.015278,0.46729
-0.012222,2.6831
-0.0091667,0.99487
-0.0061111,0.46729
-0.0030556,2.6831
0,0.88935
0.0030556,0.5728
0.0061111,2.2611
0.0091667,1.628
0.012222,0.99487
0.015278,0.99487
0.018333,1.5224
0.021389,1.839
0.024444,1.839
0.0275,0.5728
0.030556,0.99487
0.033611,0.46729
0.036667,-0.27132
0.039722,1.4169
0.042778,1.4169
0.045833,0.46729
0.048889,1.5224
0.051944,1.628
0.055,0.36177
0.058056,2.9997
0.061111,0.99487
0.064167,2.5776
0.067222,4.5824
0.070278,21.676
0.073333,27.796
0.076389,24.841
0.079444,22.942
0.0825,12.918
0.085556,22.204
0.088611,21.57
0.091667,23.153
0.094722,16.4
0.097778,19.038
0.10083,20.621
0.10389,22.52
0.10694,19.038
0.11,15.451
0.11306,18.933
0.11611,19.882
0.11917,21.465
0.12222,18.299
0.12528,17.772
0.12833,20.304
0.13139,19.46
0.13444,21.043
0.1375,18.088
0.14056,19.988
0.14361,20.832
0.14667,21.148
0.14972,20.093
0.15278,19.671
0.15583,20.832
0.15889,22.52
0.16194,22.942
0.165,22.098
0.16806,22.942
0.17111,24.103
0.17417,24.314
0.17722,25.158
0.18028,23.575
0.18333,25.264
0.18639,26.002
0.18944,24.947
0.1925,24.314
0.19556,26.635
0.19861,25.58
0.20167,26.846
0.20472,27.796
0.20778,27.268
0.21083,28.323
0.21389,32.333
0.21694,31.489
0.22,31.172
0.22306,29.801
0.22611,32.861
0.22917,33.916
0.23222,32.122
0.23528,32.65
0.23833,33.81
0.24139,32.755
0.24444,34.76
0.2475,33.177
0.25056,34.971
0.25361,35.288
0.25667,36.343
0.25972,36.132
0.26278,34.865
0.26583,37.925
0.26889,37.292
0.27194,36.659
0.275,37.292
0.27806,38.136
0.28111,37.503
0.28417,38.981
0.28722,38.875
0.29028,36.765
0.29333,42.99
0.29639,38.558
0.29944,41.407
0.3025,39.297
0.30556,41.302
0.30861,41.724
0.31167,41.618
0.31472,43.729
0.31778,43.096
0.32083,44.995
0.32389,42.99
0.32694,45.734
0.33,42.357
0.33306,45.206
0.33611,44.678
0.33917,47.422
0.34222,45.312
0.34528,46.261
0.34833,47
0.35139,46.683
0.35444,45.206
0.3575,47.211
0.36056,46.367
0.36361,47.422
0.36667,48.16
0.36972,49.11
0.37278,43.834
0.37583,47.844
0.37889,47.105
0.38194,48.477
0.385,49.532
0.38806,49.11
0.39111,51.115
0.39417,50.06
0.39722,52.065
0.40028,51.431
0.40333,51.748
0.40639,54.491
0.40944,51.959
0.4125,52.381
0.41556,53.436
0.41861,56.496
0.42167,55.336
0.42472,57.551
0.42778,54.808
0.43083,57.868
0.43389,57.34
0.43694,56.496
0.44,56.496
0.44306,59.029
0.44611,59.345
0.44917,59.134
0.45222,59.556
0.45528,58.501
0.45833,61.877
0.46139,61.772
0.46444,62.933
0.4675,60.928
0.47056,62.722
0.47361,63.144
0.47667,65.043
0.47972,63.988
0.48278,62.616
0.48583,63.249
0.48889,63.882
0.49194,65.043
0.495,65.676
0.49806,65.465
0.50111,64.937
0.50417,65.571
0.50722,66.52
0.51028,67.048
0.51333,68.314
0.51639,68.314
0.51944,67.364
0.5225,67.786
0.52556,66.942
0.52861,67.997
0.53167,70.952
0.53472,69.791
0.53778,69.58
0.54083,69.791
0.54389,70.952
0.54694,71.901
0.55,70.846
0.55306,70.635
0.55611,73.273
0.55917,72.429
0.56222,74.75
0.56528,71.585
0.56833,72.851
0.57139,74.856
0.57444,74.539
0.5775,73.273
0.58056,76.017
0.58361,77.388
0.58667,77.072
0.58972,75.172
0.59278,75.7
0.59583,78.232
0.59889,77.705
0.60194,79.815
0.605,79.604
0.60806,77.705
0.61111,81.187
0.61417,80.343
0.61722,81.398
0.62028,81.714
0.62333,80.659
0.62639,80.659
0.62944,84.247
0.6325,80.765
0.63556,83.93
0.63861,83.614
0.64167,84.88
0.64472,85.302
0.64778,83.403
0.65083,85.408
0.65389,85.408
0.65694,86.252
0.66,85.196
0.66306,85.408
0.66611,85.302
0.66917,86.357
0.67222,87.412
0.67528,86.146
0.67833,88.995
0.68139,88.573
0.68444,85.935
0.6875,88.89
0.69056,86.99
0.69361,91.527
0.69667,88.045
0.69972,93.321
0.70278,88.151
0.70583,92.266
0.70889,91.738
0.71194,93.321
0.715,93.532
0.71806,92.055
0.72111,92.266
0.72417,93.849
0.72722,94.693
0.73028,93.216
0.73333,94.798
0.73639,94.587
0.73944,94.271
0.7425,96.803
0.74556,94.271
0.74861,96.909
0.75167,95.854
0.75472,94.376
0.75778,98.386
0.76083,95.22
0.76389,98.28
0.76694,97.858
0.77,96.592
0.77306,98.597
0.77611,97.542
0.77917,99.652
0.78222,97.225
0.78528,99.547
0.78833,98.597
0.79139,100.71
0.79444,101.23
0.7975,101.97
0.80056,100.6
0.80361,102.08
0.80667,104.19
0.80972,100.5
0.81278,103.13
0.81583,101.23
0.81889,104.4
0.82194,101.55
0.825,103.35
0.82806,104.61
0.83111,104.08
0.83417,104.08
0.83722,105.56
0.84028,105.98
0.84333,103.03
0.84639,105.77
0.84944,106.41
0.8525,105.56
0.85556,105.56
0.85861,108.52
0.86167,108.41
0.86472,108.41
0.86778,108.73
0.87083,109.36
0.87389,110.94
0.87694,106.51
0.88,110.41
0.88306,109.47
0.88611,110.41
0.88917,112.74
0.89222,112.53
0.89528,109.99
0.89833,113.47
0.90139,112.84
0.90444,114.42
0.9075,113.9
0.91056,114.21
0.91361,115.27
0.91667,114.21
0.91972,116.85
0.92278,114.53
0.92583,115.37
0.92889,115.37
0.93194,115.9
0.935,114.74
0.93806,114.74
0.94111,117.91
0.94417,115.48
0.94722,119.49
0.95028,118.01
0.95333,114.32
0.95639,117.59
0.95944,118.75
0.9625,117.7
0.96556,122.13
0.96861,120.23
0.97167,119.49
0.97472,124.13
0.97778,122.23
0.98083,120.97
0.98389,121.92
0.98694,121.92
0.99,121.6
0.99306,124.24
0.99611,123.29
0.99917,123.82
1.0022,124.13
1.0053,123.5
1.0083,123.92
1.0114,126.35
1.0144,125.93
1.0175,125.29
1.0206,128.04
1.0236,125.29
1.0267,126.35
1.0297,126.14
1.0328,125.4
1.0358,129.2
1.0389,126.56
1.0419,127.93
1.045,128.88
1.0481,127.19
1.0511,129.41
1.0542,130.57
1.0572,127.93
1.0603,129.72
1.0633,132.89
1.0664,131.52
1.0694,132.78
1.0725,136.27
1.0756,132.47
1.0786,133.94
1.0817,134.58
1.0847,134.26
1.0878,139.01
1.0908,134.89
1.0939,135.63
1.0969,136.27
1.1,135.42
1.1031,139.12
1.1061,140.06
1.1092,133.1
1.1122,140.49
1.1153,137.43
1.1183,139.12
1.1214,142.18
1.1244,139.43
1.1275,142.81
1.1306,142.91
1.1336,142.6
1.1367,144.92
1.1397,142.81
1.1428,144.71
1.1458,142.18
1.1489,146.82
1.1519,146.08
1.155,146.71
1.1581,148.93
1.1611,146.61
1.1642,149.77
1.1672,147.66
1.1703,149.24
1.1733,151.14
1.1764,146.92
1.1794,150.93
1.1825,151.78
1.1856,151.25
1.1886,152.52
1.1917,150.83
1.1947,155.68
1.1978,156.1
1.2008,153.15
1.2039,155.15
1.2069,151.88
1.21,156.1
1.2131,156.74
1.2161,154.1
1.2192,158.74
1.2222,153.25
1.2253,161.27
1.2283,157.37
1.2314,156.74
1.2344,160.01
1.2375,157.26
1.2406,161.17
1.2436,161.48
1.2467,162.54
1.2497,162.65
1.2528,159.37
1.2558,164.02
1.2589,163.7
1.2619,160.85
1.265,163.91
1.2681,162.86
1.2711,166.23
1.2742,164.86
1.2772,166.87
1.2803,165.18
1.2833,165.49
1.2864,168.24
1.2894,167.08
1.2925,167.08
1.2956,167.18
1.2986,169.08
1.3017,169.82
1.3047,167.29
1.3078,171.09
1.3108,169.71
1.3139,170.88
1.3169,171.93
1.32,173.62
1.3231,172.67
1.3261,172.77
1.3292,175.31
1.3322,174.36
1.3353,174.78
1.3383,171.3
1.3414,173.83
1.3444,175.62
1.3475,177.1
1.3506,176.78
1.3536,176.15
1.3567,177.21
1.3597,178.26
1.3628,177.31
1.3658,180.9
1.3689,177.21
1.3719,180.16
1.375,177.52
1.3781,180.79
1.3811,179.63
1.3842,181.74
1.3872,182.06
1.3903,180.58
1.3933,184.8
1.3964,181.32
1.3994,182.59
1.4025,183.96
1.4056,183.33
1.4086,185.01
1.4117,185.23
1.4147,184.49
1.4178,185.54
1.4208,186.28
1.4239,187.65
1.4269,186.28
1.43,188.07
1.4331,186.7
1.4361,190.5
1.4392,187.65
1.4422,188.29
1.4453,187.86
1.4483,190.82
1.4514,188.18
1.4544,191.24
1.4575,190.18
1.4606,192.3
1.4636,191.98
1.4667,193.46
1.4697,192.82
1.4728,193.88
1.4758,193.98
1.4789,191.66
1.4819,194.41
1.485,193.88
1.4881,194.41
1.4911,194.51
1.4942,194.83
1.4972,193.56
1.5003,197.78
1.5033,193.77
1.5064,198.2
1.5094,193.77
1.5125,200.53
1.5156,193.35
1.5186,200.84
1.5217,195.35
1.5247,198.94
1.5278,197.15
1.5308,198.63
1.5339,199.47
1.5369,199.68
1.54,198.31
1.5431,201.16
1.5461,200.31
1.5492,199.36
1.5522,202.32
1.5553,200.31
1.5583,201.05
1.5614,199.79
1.5644,204.75
1.5675,198.73
1.5706,202.32
1.5736,201.47
1.5767,202.32
1.5797,203.06
1.5828,202.95
1.5858,202.74
1.5889,197.68
1.5919,205.17
1.595,202.95
1.5981,204.11
1.6011,201.47
1.6042,202.74
1.6072,203.16
1.6103,200.84
1.6133,206.01
1.6164,200.74
1.6194,201.05
1.6225,203.9
1.6256,203.06
1.6286,202.85
1.6317,203.9
1.6347,200.63
1.6378,203.16
1.6408,203.48
1.6439,203.9
1.6469,202.21
1.65,201.9
1.6531,204.96
1.6561,202.32
1.6592,200.1
1.6622,201.79
1.6653,204.64
1.6683,200.95
1.6714,204.96
1.6744,203.9
1.6775,200
1.6806,204.64
1.6836,201.05
1.6867,201.37
1.6897,203.27
1.6928,203.27
1.6958,200.21
1.6989,202
1.7019,200.42
1.705,205.38
1.7081,200.63
1.7111,203.06
1.7142,201.37
1.7172,200.95
1.7203,202.11
1.7233,202.95
1.7264,200.63
1.7294,200.21
1.7325,201.37
1.7356,198.73
1.7386,202.21
1.7417,198.41
1.7447,202.11
1.7478,197.57
1.7508,200.42
1.7539,201.37
1.7569,199.26
1.76,198.52
1.6028,200.31
1.6056,179.25
1.6083,179.46
1.6111,181.78
1.6139,179.98
1.6167,178.19
1.6194,177.56
1.6222,176.5
1.625,179.77
1.6278,177.14
1.6306,179.35
1.6333,179.67
1.6361,178.08
1.6389,179.03
1.6417,177.98
1.6444,177.77
1.6472,176.19
1.65,177.87
0.66111,178.4
0.49667,69.503
0.16583,54.976
0,18.22
0,0
0,0
0,0
0,0
0,0
0,0
0,0
0,0
0,0
0,0
0,0
0,0
0,0
0,0
0,0
0,0
0,0
0,0
0,0
0,0
0,0
0,0
0,0
0,0
0,0
0,0
0,0
0,0
0,0
0,0
0,0
0,0
0,0
0,0
0,0
0,0
0,0
0,0
0,0
0,0
0,0
0,0
0,0
0,0
0,0
0,0
0,0
0,0
0,0
0,0
0,0
0,0
0,0
0,0
0,0
0,0
0,0
0,0
0,0
0,0
0,0
0,0
0,0
0,0
0,0
0,0
0,0
0,0
0,0
0,0
0,0
0,0
0,0
0,0
0,0
0,0
0,0
0,0
0,0
0,0
0,0
0,0
0,0
0,0
0,0
0,0
0,0
0,0
0,0
0,0
0,0
0,0
0,0
0,0
0,0
0,0
0,0
0,0
0,0
0,0
0,0
0,0
0,0
0,0
0,0
0,0
0,0
0,0
0,0
0,0
0,0
0,0
0,0
0,0
0,0
0,0
0,0
0,0
0,0
0,0
0,0
0,0
0,0
0,0
0,0
0,0
0,0
0,0
0,0
0,0
0,0
0,0
0,0
0,0
0,0
0,0
0,0
0,0
0,0
0,0
0,0
0,0
0,0
0,0
0,0
0,0
0,0
0,0
0,0
0,0
0,0
0,0
0,0
0,0
0,0
0,0
0,0
0,0
0,0
0,0
0,0
0,0
0,0
0,0
0,0
0,0
0,0
0,0
0,0
0,0
0,0
0,0
0,0
0,0
0,0
0,0
0,0
0,0
0,0
0,0
0,0
0,0
0,0
0,0
0,0
0,0
0,0
0,0
0,0
0,0
0,0
0,0
0,0
0,0
0,0
0,0
0,0
0,0
0,0
0,0
0,0
0,0
0,0
0,0
0,0
0,0
0,0
0,0
0,0
0,0
0,0
0,0
0,0
0,0
0,0
0,0
0,0
0,0
0,0
0,0
0,0
0,0
0,0
0,0
0,0
0,0
0,0
0,0
0,0
0,0
0,0
0,0
0,0
0,0
0,0
0,0
0,0
0,0
0,0
0,0
0,0
0,0
0,0
0,0
0,0
0,0
0,0
0,0
0,0
0,0
0,0
0,0
0,0
0,0
0,0
0,0
0,0
0,0
0,0
0,0
0,0
0,0
0,0
0,0
0,0
0,0
0,0
0,0
0,0
0,0
0,0
0,0
0,0
0,0
0,0
0,0
0,0
0,0
0,0
0,0
0,0
0,0
0,0
0,0
0,0
0,0
0,0
0,0
0,0
0,0
0,0
0,0
0,0
0,0
0,0
0,0
0,0
0,0
0,0
0,0
0,0
0,0
0,0
0,0
0,0
0,0
0,0
0,0
0,0
0,0
0,0
0,0
0,0
0,0
0,0
0,0
0,0
0,0
0,0
0,0
0,0
0,0
0,0
0,0
0,0
0,0
0,0
0,0
0,0
0,0
0,0
0,0
0,0
0,0
0,0
0,0
0,0
0,0
0,0
0,0
0,0
0,0
0,0
0,0
0,0
0,0
0,0
0,0
0,0
0,0
0,0
0,0
0,0
0,0
0,0
0,0
0,0
0,0
0,0
0,0
0,0
0,0
0,0
0,0
0,0
0,0
0,0
0,0
0,0
0,0
0,0
0,0
0,0
0,0
0,0
0,0
0,0
0,0
0,0
0,0
0,0
0,0
0,0
0,0
0,0
0,0
0,0
0,0
0,0
0,0
0,0
0,0
0,0
0,0
0,0
0,0
0,0
0,0
0,0
0,0
0,0
0,0
0,0
0,0
0,0
0,0
0,0
0,0
0,0
0,0
0,0
0,0
0,0
0,0
0,0
0,0
0,0
0,0
0,0
0,0
0,0
0,0
0,0
0,0
0,0
0,0
0,0
0,0
0,0
0,0
0,0
0,0
0,0
0,0
0,0
0,0
0,0
0,0
0,0
0,0
0,0
0,0
0,0
0,0
0,0
0,0
0,0
0,0
0,0
0,0
0,0
0,0
0,0
0,0
0,0
0,0
0,0
0,0
0,0
0,0
0,0
0,0
0,0
0,0
0,0
0,0
0,0
0,0
0,0
0,0
0,0
0,0
0,0
0,0
0,0
0,0
0,0
0,0
0,0
0,0
0,0
0,0
0,0
0,0
0,0
0,0
0,0
0,0
0,0
0,0
0,0
0,0
0,0
0,0
0,0
0,0
0,0
0,0
0,0
0,0
0,0
0,0
0,0
0,0
0,0
0,0
0,0
0,0
0,0
0,0
0,0
0,0
0,0
0,0
0,0
0,0
0,0
0,0
0,0
0,0
0,0
0,0
0,0
0,0
0,0
0,0
0,0
0,0
0,0
0,0
0,0
0,0
0,0
0,0
0,0
0,0
0,0
0,0
0,0
0,0
0,0
0,0
0,0
0,0
0,0
0,0
0,0
0,0
0,0
0,0
0,0
0,0
0,0
0,0
0,0
0,0
0,0
0,0
0,0
0,0
0,0
0,0
0,0
0,0
0,0
0,0
0,0
0,0
0,0
0,0
0,0
0,0
0,0
0,0
0,0
0,0
0,0
0,0
0,0
0,0
0,0
0,0
0,0
0,0
0,0
0,0
0,0
0,0
0,0
0,0
0,0
0,0
0,0
0,0
0,0
0,0
0,0
0,0
0,0
0,0
0,0
0,0
0,0
0,0
0,0
0,0
0,0
0,0
0,0
0,0
0,0
0,0
0,0
0,0
0,0
0,0
0,0
0,0
0,0
0,0
0,0
0,0
0,0
0,0
0,0
0,0
0,0
0,0
0,0
0,0
0,0
0,0
0,0
0,0
0,0
0,0
0,0
0,0
0,0
0,0
0,0
0,0
0,0
0,0
0,0
0,0
0,0
0,0
0,0
0,0
0,0
0,0
0,0
0,0
0,0
0,0
0,0
0,0
0,0
0,0
0,0
0,0
0,0
0,0
0,0
0,0
0,0
0,0
0,0
0,0
0,0
0,0
0,0
0,0
0,0
0,0
0,0
0,0
0,0
0,0
0,0
0,0
0,0
0,0
0,0
0,0
0,0
0,0
0,0
0,0
0,0
0,0
0,0
0,0
0,0
0,0
0,0
0,0
0,0
0,0
0,0
0,0
0,0
0,0
0,0
0,0
0,0
0,0
0,0
0,0
0,0
0,0
0,0
0,0
0,0
0,0
0,0
0,0
0,0
0,0
0,0
0,0
0,0
0,0
0,0
0,0
0,0
0,0
0,0
0,0
0,0
0,0
0,0
0,0
0,0
0,0
0,0
0,0
0,0
0,0
0,0
0,0
0,0
0,0
0,0
0,0
0,0
0,0
0,0
0,0
0,0
0,0
0,0
0,0
0,0
0,0
0,0
0,0
0,0
0,0
0,0
0,0
0,0
0,0
0,0
0,0
0,0
0,0
0,0
0,0
0,0
0,0
0,0
0,0
0,0
0,0
0,0
0,0
0,0
0,0
0,0
0,0
0,0
0,0
0,0
0,0
0,0
0,0
0,0
0,0
0,0
0,0
0,0
0,0
0,0
0,0
0,0
0,0
0,0
0,0
0,0
